C10006,后端开发,S100001,1.0,.net,
C10017,IOT,S100002,1.0,2lemetry,物联网平台;
C10000,项目管理,S100003,1.0,6w2h,
C10000,项目管理,S100004,1.0,abc,
C10005,数据库开发,S100005,1.0,access,
C10006,后端开发,S100005,1.0,access,
C10006,后端开发,S100006,1.0,acid,
C10010,IT/运维,S100007,1.0,acs,思科安全访问控制服务器（cisco secure access control server）
C10005,数据库开发,S100008,1.0,actian psql,pervasive software公司开发的acid兼容的dbms，在应用程序中嵌入了优化;
C10006,后端开发,S100008,1.0,actian psql,pervasive software公司开发的acid兼容的dbms，在应用程序中嵌入了优化;
C10003,前端开发,S100009,1.0,actionscript,
C10010,IT/运维,S1000010,1.0,ad,
C10013,大数据,S1000011,1.0,spindle,使用scala、spark和parquet处理的下一代web分析;
C10008,测试,S1000012,1.0,qengine,
C10006,后端开发,S1000013,1.0,airavata,apache airavata是一个基于微服务架构的软件框架，用于在分布式计算资源(包括本地集群、超级计算机、国家网格、学术和商业云)上执行和管理计算作业和工作流。airavata主要用于构建基于web的科学网关，并协助组合、管理、执行和监视大型应用程序(包装为web服务)和由这些服务组成的工作流。
C10013,大数据,S1000014,1.0,airflow,工作流自动化和调度，可用于编写和管理数据管道
C10005,数据库开发,S1000014,1.0,airflow,工作流自动化和调度，可用于编写和管理数据管道
C10012,数据分析,S1000014,1.0,airflow,工作流自动化和调度，可用于编写和管理数据管道
C10012,数据分析,S1000015,1.0,airpal,用于prestodb的网页ui;
C10010,IT/运维,S1000016,0.5 ,aix,
C10015,MAINFRAME,S1000016,1.0,aix,
C10015,MAINFRAME,S1000017,1.0,os/2,
C10013,大数据,S1000018,1.0,akka toolkit,jvm中分布性、容错事件驱动应用程序的运行时间;
C10006,后端开发,S1000019,1.0,allura,apache airavata是一个基于微服务架构的软件框架，用于在分布式计算资源(包括本地集群、超级计算机、国家网格、学术和商业云)上执行和管理计算作业和工作流。airavata主要用于构建基于web的科学网关，并协助组合、管理、执行和监视大型应用程序(包装为web服务)和由这些服务组成的工作流。
C10005,数据库开发,S1000020,1.0,amazon rds,
C10006,后端开发,S1000020,1.0,amazon rds,
C10013,大数据,S1000021,1.0,ambari,apache ambari使hadoop集群的供应、管理和监视非常简单。
C10012,数据分析,S1000021,1.0,ambari,apache ambari使hadoop集群的供应、管理和监视非常简单。
C10010,IT/运维,S1000021,1.0,ambari,apache ambari使hadoop集群的供应、管理和监视非常简单。
C10006,后端开发,S1000022,1.0,anakia,anakia是一个xml转换工具，它使用jdom和velocity将xml文档转换为您选择的格式。它提供了一种使用ant样式任务和xsl处理xml文件的替代方案。
C10007,移动开发,S1000023,1.0,android,
C10003,前端开发,S1000024,1.0,angular.js,
C10010,IT/运维,S1000025,1.0,ansible,
C10013,大数据,S1000026,1.0,apex,apache apex是一个大数据流和批处理的统一平台。用例包括摄入、etl、实时分析、警报和实时操作。apex是一个hadoop原生的yarn实现，默认使用hdfs。它通过缩短上市时间，简化了hadoop应用程序的开发和产品化。主要特性包括企业级可操作性、容错、状态管理、事件处理保证、无数据丢失、内存内性能和可伸缩性以及本地窗口支持。
C10012,数据分析,S1000026,1.0,apex,apache apex是一个大数据流和批处理的统一平台。用例包括摄入、etl、实时分析、警报和实时操作。apex是一个hadoop原生的yarn实现，默认使用hdfs。它通过缩短上市时间，简化了hadoop应用程序的开发和产品化。主要特性包括企业级可操作性、容错、状态管理、事件处理保证、无数据丢失、内存内性能和可伸缩性以及本地窗口支持。
C10006,后端开发,S1000027,1.0,apisix,原生云微服务api网关
C10001,需求/业务分析,S1000028,1.0,appeals,
C10008,测试,S1000029,1.0,appium,
C10008,测试,S1000030,1.0,app自动化测试,
C10012,数据分析,S1000031,1.0,apriori,第一个关联规则挖掘算法，也是最经典的算法
C10012,数据分析,S1000032,1.0,arbor,利用网络工作者和jquery的图形可视化库;
C10010,IT/运维,S1000033,1.0,archiva,archiva是maven、continuum和ant等构建工具的完美伴侣。archiva提供了多种功能，其中包括远程存储库代理、安全访问管理、构建工件存储、交付、浏览、索引和使用报告、可扩展扫描功能等等!
C10013,大数据,S1000034,1.0,argus,时间序列监测和报警平台;
C10006,后端开发,S1000035,1.0,aries,aries项目正在交付一组可插入的java组件，支持企业osgi应用程序编程模型。这包括osgi联盟企业专家组(eeg)定义的以应用程序为中心的规范的实现和扩展，以及多包应用程序的汇编格式，用于部署到各种基于osgi的运行时。
C10006,后端开发,S1000036,1.0,arm,
C10003,前端开发,S1000037,1.0,asp,
C10006,后端开发,S1000038,1.0,asp.net,
C10014,人工智能,S1000039,1.0,asr,自动语音识别(automatic speech recognition)
C10013,大数据,S1000040,1.0,atlas,atlas是一组可伸缩和可扩展的核心基础治理服务——使企业能够有效地、高效地满足其在hadoop中的遵从性需求，并允许与整个企业数据生态系统集成。
C10012,数据分析,S1000040,1.0,atlas,atlas是一组可伸缩和可扩展的核心基础治理服务——使企业能够有效地、高效地满足其在hadoop中的遵从性需求，并允许与整个企业数据生态系统集成。
C10005,数据库开发,S1000040,1.0,atlas,atlas是一组可伸缩和可扩展的核心基础治理服务——使企业能够有效地、高效地满足其在hadoop中的遵从性需求，并允许与整个企业数据生态系统集成。
C10013,大数据,S1000041,1.0,aurora,aurora是一个服务调度器，用于将作业调度到apache mesos上。
C10010,IT/运维,S1000041,1.0,aurora,aurora是一个服务调度器，用于将作业调度到apache mesos上。
C10013,大数据,S1000042,1.0,aurora,在mesos之上运行的服务调度程序;
C10008,测试,S1000043,1.0,autorunner,
C10010,IT/运维,S1000044,1.0,avaya ipo,ipd电话系统平台
C10013,大数据,S1000045,1.0,avro,apache avro是一个数据序列化系统。
C10012,数据分析,S1000045,1.0,avro,apache avro是一个数据序列化系统。
C10006,后端开发,S1000046,1.0,axiom,apache axiom是一个基于stax的、符合xml infoset的对象模型，它支持按需构建对象树。它支持一种新颖的“拉通”模型，该模型允许关闭树的构建并直接访问底层的拉事件流。它还内置了对xml优化打包(xop)和mtom的支持，两者的结合允许xml以透明的方式高效地携带二进制数据。这两者的结合是一个易于使用的api，具有非常高性能的体系结构!
C10006,后端开发,S1000047,1.0,axios,
C10006,后端开发,S1000048,1.0,axis,
C10006,后端开发,S1000049,1.0,axis2,apache axis2是一个服务托管和消费框架，它使使用soap和web服务变得容易
C10013,大数据,S1000050,1.0,azkaban,
C10006,后端开发,S1000051,1.0,azure,
C10006,后端开发,S1000052,1.0,b/s,
C10005,数据库开发,S1000053,1.0,b+tree,
C10001,需求/业务分析,S1000054,1.0,ba,
C10003,前端开发,S1000055,1.0,backbonejs,
C10013,大数据,S1000056,1.0,bahir,扩展到分布式分析平台，如apache spark
C10012,数据分析,S1000056,1.0,bahir,扩展到分布式分析平台，如apache spark
C10014,人工智能,S1000056,1.0,bahir,扩展到分布式分析平台，如apache spark
C10012,数据分析,S1000057,1.0,banana,对存储在kibana中solr. port的日志和时戳数据进行可视化;
C10006,后端开发,S1000058,1.0,batik,batik是一个基于java的工具包，用于应用程序或applet使用可缩放矢量图形(scalable vector graphics， svg)格式的图像实现各种目的，如显示、生成和操作。
C10006,后端开发,S1000059,1.0,beego,
C10013,大数据,S1000060,1.0,berkeley swim benchmark,现实大数据工作负载基准测试;
C10005,数据库开发,S1000061,1.0,berkeleydb,为键/值数据提供一个高性能的嵌入式数据库的一个软件库;
C10006,后端开发,S1000061,1.0,berkeleydb,为键/值数据提供一个高性能的嵌入式数据库的一个软件库;
C10012,数据分析,S1000062,1.0,bi,
C10014,人工智能,S1000063,1.0,bidmach,cpu和加速gpu的机器学习库。
C10013,大数据,S1000064,1.0,bigtop,bigtop是一个用于开发apache hadoop生态系统的打包和测试的项目。bigtop的主要目标是围绕hadoop相关项目的打包和互操作性测试建立一个社区。这包括在不同级别(打包、平台、运行时、升级等)的测试，这些测试是由社区开发的，关注的是整个系统，而不是单个项目。简而言之，我们努力成为hadoop的一部分，就像debian之于linux一样。
C10012,数据分析,S1000065,1.0,bime analytics,商业智能云平台;
C10010,IT/运维,S1000066,1.0,blackberry,
C10006,后端开发,S1000066,1.0,blackberry,
C10010,IT/运维,S1000067,1.0,bluiecoat,上网行为管理系统
C10012,数据分析,S1000068,1.0,bokeh,一个功能强大的python交互式可视化库，它针对要展示的现代web浏览器，旨在为d3.js风格的新奇的图形提供优雅简洁的设计，同时在大规模数据或流数据集中，通过高性能交互性来表达这种能力;
C10003,前端开发,S1000069,1.0,bootstrap,
C10014,人工智能,S1000070,1.0,brain,javascript中的神经网络;
C10010,IT/运维,S1000071,1.0,brooklyn,brooklyn是关于部署和管理应用程序的:为应用程序组合一个完整的堆栈;部署到云和非云目标;使用监视工具收集关键的运行状况/性能指标;响应诸如节点故障等情况;并根据需求增加或减少产能。
C10013,大数据,S1000071,1.0,brooklyn,brooklyn是关于部署和管理应用程序的:为应用程序组合一个完整的堆栈;部署到云和非云目标;使用监视工具收集关键的运行状况/性能指标;响应诸如节点故障等情况;并根据需求增加或减少产能。
C10006,后端开发,S1000072,1.0,brpc,brpc是一个用于构建可靠和高性能服务的工业级rpc框架。
C10005,数据库开发,S1000073,1.0,b-tree,
C10008,测试,S1000074,1.0,bugfree,bug管理工具
C10013,大数据,S1000075,1.0,buildoop,基于groovy语言，和bigtop类似;
C10006,后端开发,S1000076,1.0,bval,apache bval项目的目标是交付java bean验证规范(jsr303/346)的实现，该实现与tck兼容，并可在java se 6或更高版本上工作。该项目的初始代码库由agimatec gmbh的sga捐赠给asf，并使用apache软件许可2.0版本。
C10006,后端开发,S1000077,1.0,c,
C10007,移动开发,S1000077,1.0,c,
C10006,后端开发,S1000078,1.0,c#,
C10006,后端开发,S1000079,1.0,c/c++,
C10006,后端开发,S1000080,1.0,c/s,
C10006,后端开发,S1000081,1.0,c++,
C10006,后端开发,S1000081,1.0,c++,
C10012,数据分析,S1000082,1.0,c3,基于d3可重复使用的图表库;
C10003,前端开发,S1000082,1.0,c3,基于d3可重复使用的图表库;
C10014,人工智能,S1000083,1.0,caffe,
C10006,后端开发,S1000084,1.0,calcite,是一个用于编写数据管理系统的框架。它使用可插入查询转换规则将以关系代数表示的查询转换为有效的可执行形式。有一个可选的sql解析器和jdbc驱动程序。calcite不存储数据，也没有首选的执行引擎。数据格式、执行算法、规划规则、操作员类型、元数据和成本模型在运行时作为插件添加。
C10013,大数据,S1000084,1.0,calcite,是一个用于编写数据管理系统的框架。它使用可插入查询转换规则将以关系代数表示的查询转换为有效的可执行形式。有一个可选的sql解析器和jdbc驱动程序。calcite不存储数据，也没有首选的执行引擎。数据格式、执行算法、规划规则、操作员类型、元数据和成本模型在运行时作为插件添加。
C10003,前端开发,S1000085,1.0,canvas,
C10013,大数据,S1000086,1.0,carbondata,apache carbondata是一种新的大数据文件格式，使用先进的柱状存储、索引、压缩和编码技术，实现更快的交互式查询，从而提高计算效率，这有助于提高pb级数据的查询速度。
C10012,数据分析,S1000086,1.0,carbondata,apache carbondata是一种新的大数据文件格式，使用先进的柱状存储、索引、压缩和编码技术，实现更快的交互式查询，从而提高计算效率，这有助于提高pb级数据的查询速度。
C10005,数据库开发,S1000086,1.0,carbondata,apache carbondata是一种新的大数据文件格式，使用先进的柱状存储、索引、压缩和编码技术，实现更快的交互式查询，从而提高计算效率，这有助于提高pb级数据的查询速度。
C10012,数据分析,S1000087,1.0,cartodb,开源或免费增值的虚拟主机，用于带有强大的前端编辑功能和api的地理空间数据库;
C10006,后端开发,S1000088,1.0,cas,
C10006,后端开发,S1000089,1.0,cayenne,cayenne是一个功能强大、功能齐全的开源框架，专为使用关系数据库的开发人员创建。它无缝地将任何关系数据库映射到java对象，减少了开发时间，并为任何需要数据库的应用程序添加了相当多的功能。使用cayenne的开发人员将能够专注于核心业务需求和数据模型，而不是sql细节。然后可以轻松地将应用程序移动到任何支持jdbc的数据库。除了管理映射到关系数据库的持久java对象之外，cayenne还提供了大量的特性，包括单方法调用查询和更新(包括所有修改对象的原子更新)、将多个数据库无缝集成到单个虚拟数据源、在远程客户机上进行缓存的三层持久性、结果分页、记录锁定以及更多的特性
C10016,数字通信,S1000090,1.0,cdma,码分多址
C10006,后端开发,S1000091,1.0,celix,apache celix是动态服务框架的实现，其灵感来自于osgi规范，并适应于c和c++ (c++ 17)。它是一个使用组件和进程内面向服务编程开发动态模块化软件应用程序的框架。
C10010,IT/运维,S1000092,1.0,centos,
C10006,后端开发,S1000093,1.0,ceph,
C10006,后端开发,S1000094,1.0,chainsaw,apache chainsaw是一个gui日志查看器。
C10012,数据分析,S1000095,1.0,chart.js,开源的html5图表可视化效果;
C10012,数据分析,S1000096,1.0,chartd,只带img标签的反应灵敏、兼容retina的图表;
C10012,数据分析,S1000097,1.0,chartio,精益业务智能平台，用于可视化和探索数据;
C10012,数据分析,S1000098,1.0,chartist.js,另一个开源html5图表可视化效果;
C10006,后端开发,S1000099,1.0,chemistry,apache chemistry提供了内容管理互操作性服务(cmis)规范的开源实现。库可用于java、python、php和。net。
C10013,大数据,S10000100,1.0,chronos,分布式容错调度;
C10013,大数据,S10000101,1.0,chukwa,chukwa是一个用于监视大型分布式系统的开源数据收集系统。chukwa构建在hdfs和map/reduce框架之上，继承了hadoop的可扩展性和健壮性。chukwa还包括一个灵活而强大的工具包，用于显示、监视和分析结果，以最佳地利用收集到的数据。
C10010,IT/运维,S10000101,1.0,chukwa,chukwa是一个用于监视大型分布式系统的开源数据收集系统。chukwa构建在hdfs和map/reduce框架之上，继承了hadoop的可扩展性和健壮性。chukwa还包括一个灵活而强大的工具包，用于显示、监视和分析结果，以最佳地利用收集到的数据。
C10012,数据分析,S10000101,1.0,chukwa,chukwa是一个用于监视大型分布式系统的开源数据收集系统。chukwa构建在hdfs和map/reduce框架之上，继承了hadoop的可扩展性和健壮性。chukwa还包括一个灵活而强大的工具包，用于显示、监视和分析结果，以最佳地利用收集到的数据。
C10008,测试,S10000102,1.0,ci/cd,
C10003,前端开发,S10000103,1.0,coffee.js,
C10006,后端开发,S10000104,1.0,cisc,
C10010,IT/运维,S10000105,1.0,cisco ap,
C10010,IT/运维,S10000106,1.0,citrix,
C10008,测试,S10000107,1.0,clearcase,
C10006,后端开发,S10000108,1.0,clerezza,通过提供操作rdf数据的工具、使用scalaserverpages创建restful web服务和renderlet， clerezza可以轻松地开发语义web应用程序。内容根据w3c rdf规范存储为三元组。这些三元组通过clerezza的智能内容绑定(scb)存储。scb定义了一个与技术无关的层来访问和修改三重存储。它提供了由w3c rdf指定的图数据模型的java实现，以及对该数据模型进行操作的功能。scb提供了访问多个命名图的服务接口，它可以使用各种提供者以特定于技术的方式管理rdf图，例如，使用jena或sesame。它还提供了允许应用程序使用各种api(包括jena api)来处理rdf图的适配器。此外，scb提供序列化和解析服务，将图转换为某种表示(格式)，反之亦然。
C10013,大数据,S10000109,1.0,hue,和hadoop进行交互的web应用程序;
C10014,人工智能,S10000110,1.0,oryx,实时大规模机器学习;
C10000,项目管理,S10000111,1.0,cmmi,
C10014,人工智能,S10000112,1.0,cnn,
C10005,数据库开发,S10000113,1.0,cockroachdb,
C10006,后端开发,S10000113,1.0,cockroachdb,
C10003,前端开发,S10000114,1.0,cocoon,一个基于组件技术和xml和web应用开发框架
C10012,数据分析,S10000115,1.0,cognos,
C10014,人工智能,S10000116,1.0,concurrent pattern,cascading的机器学习库;
C10000,项目管理,S10000117,1.0,confluence,
C10014,人工智能,S10000118,1.0,convnetjs,javascript中的机器学习，在浏览器中训练卷积神经网络(或普通网络);
C10003,前端开发,S10000119,1.0,cordova,是一个使用标准web技术(html、css和javascript)创建跨平台应用的工具
C10013,大数据,S10000120,1.0,countly,基于node.js和mongodb，开源的手机和网络分析平台;
C10013,大数据,S10000121,1.0,crail,是分布式数据处理作业中用于高速共享性能关键数据的存储平台。
C10012,数据分析,S10000121,1.0,crail,是分布式数据处理作业中用于高速共享性能关键数据的存储平台。
C10012,数据分析,S10000122,1.0,crossfilter,javascript库，用于在浏览器中探索多元大数据集，用dc.js和d3.js.效果很好;
C10013,大数据,S10000123,1.0,crunch,apache crunch java库提供了一个编写、测试和运行mapreduce管道的框架。它的目标是使由许多用户定义函数组成的管道易于编写、易于测试和高效运行。
C10012,数据分析,S10000123,1.0,crunch,apache crunch java库提供了一个编写、测试和运行mapreduce管道的框架。它的目标是使由许多用户定义函数组成的管道易于编写、易于测试和高效运行。
C10012,数据分析,S10000124,1.0,crystal reports,
C10003,前端开发,S10000125,1.0,css,
C10007,移动开发,S10000125,1.0,css,
C10013,大数据,S10000126,1.0,ctakes,是一个用于从电子病历临床自由文本中提取信息的开源自然语言处理系统，它处理临床记录，从包括统一医学语言系统(umls)在内的各种词典中识别临床命名实体的类型——药物、疾病/失调、体征/症状、解剖部位和程序。每个命名实体都具有文本跨度、本体映射代码、主题(患者、家庭成员等)和上下文(否定的/未否定的、条件的、通用的、确定性程度)的属性。一些属性被表示为关系，例如临床条件的位置(locationof关系)或临床条件的严重程度(degreeof关系)。
C10012,数据分析,S10000126,1.0,ctakes,是一个用于从电子病历临床自由文本中提取信息的开源自然语言处理系统，它处理临床记录，从包括统一医学语言系统(umls)在内的各种词典中识别临床命名实体的类型——药物、疾病/失调、体征/症状、解剖部位和程序。每个命名实体都具有文本跨度、本体映射代码、主题(患者、家庭成员等)和上下文(否定的/未否定的、条件的、通用的、确定性程度)的属性。一些属性被表示为关系，例如临床条件的位置(locationof关系)或临床条件的严重程度(degreeof关系)。
C10012,数据分析,S10000127,1.0,cubism,用于时间序列可视化的javascript库;
C10016,数字通信,S10000128,1.0,cucm, 思科统一通信解决方案中强大的呼叫处理组件。它是一个可扩展、可分布、高度可用的企业ip语音呼叫处理解决方案
C10008,测试,S10000129,1.0,cucumber,
C10006,后端开发,S10000130,1.0,curator,是apache zookeeper(分布式协调服务)的java/jvm客户端库。它包括一个高级api框架和实用程序，使用apache zookeeper更加容易和可靠。它还包括常用用例和扩展的方法，如服务发现和java 8异步dsl。
C10013,大数据,S10000131,1.0,curator,zookeeper的java库;
C10006,后端开发,S10000132,1.0,cxf,
C10012,数据分析,S10000133,1.0,cytoscape,用于可视化复杂网络的javascript库;
C10012,数据分析,S10000134,1.0,d3,操作文件的javascript库;
C10003,前端开发,S10000134,1.0,d3,操作文件的javascript库;
C10012,数据分析,S10000135,1.0,d3plus,一组相当强大的可重用的图表，还有d3.js的样式;
C10006,后端开发,S10000136,1.0,daffodil,是数据格式描述语言（data format description language）dfdl 1.0 规范的开源实现，以实现通用数据交换.apache daffodil 实现则改变了复杂的文本和二进制数据接口的规则，可以实现数据分解、检查和重新组装等高复杂度的流程。通过 daffodil，用户可以将各种数据在 xml、json 或任何数据结构之间转换，而不用花费大量时间担心如何处理种类繁多的数据。因此，apache daffodil 尤其适用于政府和大型企业这样的大型组织。在这些组织中，每天必须交换大量复杂和遗留的数据，并使其可以访问。
C10006,后端开发,S10000137,1.0,dart,
C10012,数据分析,S10000138,1.0,data marts,
C10013,大数据,S10000139,1.0,datafu,apache datafu包含两个库:apache datafu pig是apache pig中用于数据分析的一组有用的用户定义函数。apache datafu hourglass是一个使用apache hadoop mapreduce增量处理数据的库。这个库的灵感来自于日常跟踪数据中滑动窗口计算的普及。诸如此类的计算通常定期进行(例如每天、每周)，因此计算的滑动性质意味着许多工作是不必要的重复。datafu的沙漏是为了提高这些计算的效率而创建的，有时可以减少50-95%的计算资源。
C10012,数据分析,S10000139,1.0,datafu,apache datafu包含两个库:apache datafu pig是apache pig中用于数据分析的一组有用的用户定义函数。apache datafu hourglass是一个使用apache hadoop mapreduce增量处理数据的库。这个库的灵感来自于日常跟踪数据中滑动窗口计算的普及。诸如此类的计算通常定期进行(例如每天、每周)，因此计算的滑动性质意味着许多工作是不必要的重复。datafu的沙漏是为了提高这些计算的效率而创建的，有时可以减少50-95%的计算资源。
C10012,数据分析,S10000140,1.0,datapine,基于云的自助服务商业智能工具;
C10013,大数据,S10000141,1.0,datasketches,一个开源、高性能的流算法库，在数据科学中通常被称为“sketches”。sketches是一种小型的、有状态的程序，它以流的形式处理大量数据，并可以提供近似的答案，并提供数学保证，以比传统的精确方法更快的数量级来解决计算困难的查询
C10012,数据分析,S10000141,1.0,datasketches,一个开源、高性能的流算法库，在数据科学中通常被称为“sketches”。sketches是一种小型的、有状态的程序，它以流的形式处理大量数据，并可以提供近似的答案，并提供数学保证，以比传统的精确方法更快的数量级来解决计算困难的查询
C10012,数据分析,S10000142,1.0,datastage,
C10013,大数据,S10000143,1.0,datav,
C10013,大数据,S10000144,1.0,dataworks,
C10013,大数据,S10000145,1.0,datax,
C10005,数据库开发,S10000146,1.0,db2,
C10006,后端开发,S10000146,1.0,db2,
C10015,MAINFRAME,S10000146,1.0,db2,
C10010,IT/运维,S10000147,1.0,dba,
C10012,数据分析,S10000148,1.0,dc.js,维度图表，和crossfilter一起使用，通过d3.js呈现出来，它比较擅长连接图表/附加的元数据，从而徘徊在d3的事件附近;
C10010,IT/运维,S10000149,1.0,debian,
C10014,人工智能,S10000150,1.0,decider,ruby中灵活、可扩展的机器学习;
C10006,后端开发,S10000151,1.0,delphi,
C10006,后端开发,S10000152,1.0,deltacloud,deltacloud包含一个云抽象api——无论是deltacloud经典api、dmtf cimi api，还是ec2 api。每个抽象api都是大量云的包装器，屏蔽了用户的差异。对于每个云提供商，都有一个驱动程序“speaking”该云提供商的原生api，使您不必处理每个云api的细节。
C10006,后端开发,S10000153,1.0,deltaspike,是一套可移植的cdi(contexts & dependency injection)扩展目的是在使用cdi和java ee时使应用开发更容易。它的一些主要特性包括:—支持组件配置、类型安全消息传递和国际化以及异常处理的核心运行时。-一套实用程序，使程序化bean查找更容易。java se的一个插件，可以在容器外引导jboss weld和apache openwebbeans。jsf集成，包括对java ee 6的jsf 2.2特性的回移植。- jpa集成和事务支持。- data模块，用于在jpa之上创建易于使用的存储库模式。- quartz集成测试支持也提供了，允许你做低水平的单元测试你的cdi启用的项目。
C10005,数据库开发,S10000154,1.0,derby,
C10006,后端开发,S10000154,1.0,derby,
C10007,移动开发,S10000155,1.0,devicemap,apache devicemap是一个包含设备属性及其相关浏览器和操作系统的数据存储库。该项目还维护一个api来对这些属性进行分类。
C10006,后端开发,S10000156,1.0,devops,
C10010,IT/运维,S10000156,0.5 ,devops,
C10006,后端开发,S10000157,1.0,directmemory,apache directmemory是java虚拟机的堆外缓存，apache directmemory 是一个多层的缓存系统，特性包括无堆的内存管理用于支持大规模的 java 对象，而不会影响 jvm 垃圾收集器的性能。
C10016,数字通信,S10000158,1.0,dis,数字信息系统（digital information system）
C10003,前端开发,S10000159,1.0,django,
C10012,数据分析,S10000160,1.0,dlab,datalab是一个使用最佳数据科学工具在云中创建自助服务、探索性数据科学环境的平台。
C10013,大数据,S10000160,1.0,dlab,datalab是一个使用最佳数据科学工具在云中创建自助服务、探索性数据科学环境的平台。
C10010,IT/运维,S10000161,1.0,docker,
C10013,大数据,S10000162,1.0,dolphinscheduler,一个分布式和可扩展的工作流调度平台，具有强大的dag可视化接口
C10006,后端开发,S10000162,1.0,dolphinscheduler,一个分布式和可扩展的工作流调度平台，具有强大的dag可视化接口
C10013,大数据,S10000163,1.0,domino,运行、规划、共享和部署模型——没有任何基础设施;
C10013,大数据,S10000164,1.0,doris,一个基于mpp的交互式sql数据仓库，用于报告和分析
C10012,数据分析,S10000164,1.0,doris,一个基于mpp的交互式sql数据仓库，用于报告和分析
C10005,数据库开发,S10000164,1.0,doris,一个基于mpp的交互式sql数据仓库，用于报告和分析
C10010,IT/运维,S10000165,1.0,dos,
C10016,数字通信,S10000166,1.0,dpd,(digital pre-distortion)，简单来说就数字预失真
C10013,大数据,S10000167,1.0,drat,drat是rat的map reduce版本，使用apache tika自动对代码基文件进行排序和分类，drat使用apache oodt将这些代码文件的元数据和tika信息索引到apache solr和oodt中，以生成map reduce工作流，drat在k大小的same-mime-typed的文件块(由tika检测)上增量地运行rat，然后生成增量的、每种类型的日志，最后将它们聚合并减少为一个组合日志。
C10012,数据分析,S10000167,1.0,drat,drat是rat的map reduce版本，使用apache tika自动对代码基文件进行排序和分类，drat使用apache oodt将这些代码文件的元数据和tika信息索引到apache solr和oodt中，以生成map reduce工作流，drat在k大小的same-mime-typed的文件块(由tika检测)上增量地运行rat，然后生成增量的、每种类型的日志，最后将它们聚合并减少为一个组合日志。
C10013,大数据,S10000168,1.0,drill,apache drill是一个分布式mpp查询层，它支持针对nosql和hadoop数据存储系统的sql和其他查询语言。
C10012,数据分析,S10000168,1.0,drill,apache drill是一个分布式mpp查询层，它支持针对nosql和hadoop数据存储系统的sql和其他查询语言。
C10005,数据库开发,S10000168,1.0,drill,apache drill是一个分布式mpp查询层，它支持针对nosql和hadoop数据存储系统的sql和其他查询语言。
C10005,数据库开发,S10000169,1.0,drizzle,
C10006,后端开发,S10000169,1.0,drizzle,
C10013,大数据,S10000170,1.0,druid,apache druid是一个支持现代分析应用程序的实时数据库。连接池是阿里巴巴开源的数据库连接池项目
C10006,后端开发,S10000170,1.0,druid,apache druid是一个支持现代分析应用程序的实时数据库。连接池是阿里巴巴开源的数据库连接池项目
C10005,数据库开发,S10000170,1.0,druid,apache druid是一个支持现代分析应用程序的实时数据库。连接池是阿里巴巴开源的数据库连接池项目
C10016,数字通信,S10000171,1.0,dtmb,digital terrestrial multimedia broadcast，即地面数字多媒体广播
C10006,后端开发,S10000172,1.0,dubbo,
C10002,架构与设计,S10000172,1.0,dubbo,
C10013,大数据,S10000173,1.0,eagle,"apache eagle是一个开源的分析解决方案，用于在大数据平台上立即识别安全和性能问题，例如apache hadoop
C10010,IT/运维,S10000173,1.0,eagle,"apache eagle是一个开源的分析解决方案，用于在大数据平台上立即识别安全和性能问题，例如apache hadoop
C10006,后端开发,S10000174,1.0,eai,
C10014,人工智能,S10000175,1.0,easyocr,
C10015,MAINFRAME,S10000176,1.0,easytrieve,一种比cobol语言更古老的语言，语法与cobol类似。easytrieve技术也是主机项目开发常用到的技术
C10003,前端开发,S10000177,1.0,easyui,
C10003,前端开发,S10000178,1.0,echarts,
C10012,数据分析,S10000179,1.0,echarts,百度企业场景图表;
C10013,大数据,S10000180,1.0,eclipse birt,基于eclipse的报告系统;
C10006,后端开发,S10000181,1.0,ecs,元素构造集（apache esc）是一个用于为各种标记语言生成元素的java api，它直接支持html 4.0和xml，但是可以很容易地扩展为任何标记语言创建标记。
C10013,大数据,S10000182,1.0,edgent,edgent是一个流处理编程模型和轻量级运行在边缘设备或网关设备上执行分析。
C10012,数据分析,S10000182,1.0,edgent,edgent是一个流处理编程模型和轻量级运行在边缘设备或网关设备上执行分析。
C10006,后端开发,S10000183,1.0,ejb,
C10013,大数据,S10000184,1.0,elasticsearch,基于lucene的搜索和分析引擎;
C10003,前端开发,S10000185,1.0,electron,使用javascript，html和css构建跨平台的桌面应用程序框架
C10006,后端开发,S10000186,1.0,embedded c,
C10006,后端开发,S10000187,1.0,embedded c++,
C10003,前端开发,S10000188,1.0,ember.js,
C10006,后端开发,S10000189,1.0,empire-db,apache empire-db是为那些在制定查询和dml - statement时努力获得完全sql自由的开发人员而设计的——而不必使用字符串字面量——并且还希望能够控制语句的执行时间和方式。与其他方法不同，empire-db不依赖java注释或映射文件来构建查询，而是使用易于访问和扩展的java对象模型。对于数据访问和数据交换，开发人员可以在传统java bean和record和datalistentry类提供的更复杂的动态接口之间进行选择。empire-db是独立于dbms供应商的，为oracle， microsoft sqlserver， postgresql， mysql， hsqldb， derby， h2等提供处理程序。
C10014,人工智能,S10000190,1.0,encog,支持多种先进算法的机器学习框架，同时支持类的标准化和处理数据;
C10008,测试,S10000191,1.0,endtest,
C10013,大数据,S10000192,1.0,enigma.io,为免费增值的健壮性web应用，用于探索、筛选、分析、搜索和导出来自网络的大规模数据集;
C10012,数据分析,S10000193,1.0,envision.js,动态html5可视化;
C10006,后端开发,S10000194,1.0,erlang,
C10012,数据分析,S10000195,1.0,erwin,
C10006,后端开发,S10000196,1.0,esb,
C10006,后端开发,S10000197,1.0,esme,apache esme(企业社交消息传递环境)是一个安全的、高度可伸缩的微共享和微消息传递平台，允许人们在业务流程上下文中互相发现和见面，并获得对其他信息源的受控访问。
C10010,IT/运维,S10000197,1.0,esme,apache esme(企业社交消息传递环境)是一个安全的、高度可伸缩的微共享和微消息传递平台，允许人们在业务流程上下文中互相发现和见面，并获得对其他信息源的受控访问。
C10006,后端开发,S10000198,1.0,etch,etch是一个跨平台、语言和传输独立的框架，用于构建和使用网络服务。etch工具集包括一种网络服务描述语言、一个编译器和用于各种编程语言的绑定库。etch也是独立于传输的，允许基于需要和环境使用各种不同的传输。etch的目标是使定义小型、集中的服务变得简单，这些服务可以很容易地以类似的方式访问、组合和部署。有了etch，服务的开发和消费不再像图书馆的开发和消费那样困难。
C10014,人工智能,S10000199,1.0,etcml,机器学习文本分类;
C10012,数据分析,S10000200,0.7 ,etl,
C10013,大数据,S10000200,0.6 ,etl,
C10010,IT/运维,S10000200,0.5 ,etl,
C10005,数据库开发,S10000200,0.8 ,etl,
C10014,人工智能,S10000201,1.0,etsy conjecture,scalding中可扩展的机器学习;
C10013,大数据,S10000202,1.0,eventhub,开源的事件分析平台;
C10017,IOT,S10000203,1.0,evrythng,evrythng则是一款真正意义上的大众物联网平台，使得身边的很多产品变得智能化。
C10006,后端开发,S10000204,1.0,excalibur,apache excalibur是apache avalon的前身，它托管avalon框架、java容器框架、excalibur和fortress控制反转容器以及一个丰富的组件库。excalibur代码为apache james和cocoon以及许多其他开源和商业项目提供了支持。
C10003,前端开发,S10000205,1.0,ext.js,
C10012,数据分析,S10000206,1.0,数据编织,
C10013,大数据,S10000207,1.0,mcdipper,闪存的键/值缓存;
C10013,大数据,S10000208,1.0,memcached,memcache的分支;
C10013,大数据,S10000209,1.0,prism,多数据中心复制系统;
C10013,大数据,S10000210,1.0,unicorn,社交图形搜索平台;
C10013,大数据,S10000211,1.0,falcon,apache falcon是为hadoop设计的数据处理和管理解决方案，用于数据移动、数据管道协调、生命周期管理和数据发现。falcon使最终消费者能够在hadoop集群上快速加载数据及其相关的处理和管理任务。
C10006,后端开发,S10000212,1.0,felix,osgi框架实现及相关技术。
C10006,后端开发,S10000213,1.0,fineract,数字金融服务平台
C10008,测试,S10000214,1.0,flagon,flagon是一个软件工具可用性测试平台/apache flagon是一套全面的瘦客户端行为日志记录工具
C10003,前端开发,S10000215,1.0,flask,
C10013,大数据,S10000216,1.0,flink,
C10013,大数据,S10000217,1.0,flume,
C10013,大数据,S10000218,1.0,fluo,大规模数据集增量处理系统， fluo 是  google percolator（搜索索引）的开源实现，允许用户对存储在 apache accumulo 中的大型数据集进行增量更新，而无需重新处理所有的数据。
C10013,大数据,S10000219,1.0,fluo recipes,apache fluo recipes建立在fluo api之上，为开发人员提供额外的功能。它们根据自己的发布计划与fluo分开发布。这使得fluo recipes可以比fluo更快地迭代和创新(fluo将在较慢的发布周期中保持更小的api)。fluo recipes提供了在fluo api之上实现通用模式的代码。它还为spark和kryo等外部库提供粘合代码。
C10013,大数据,S10000220,1.0,fluo yarn,apache fluo yarn是一个在apache hadoop yarn中运行apache fluo应用程序的工具
C10003,前端开发,S10000221,1.0,flutter,
C10006,后端开发,S10000221,1.0,flutter,
C10012,数据分析,S10000222,1.0,fnordmetric,写sql查询，返回svg图表，而不是表;
C10006,后端开发,S10000223,1.0,fop,fop(格式化对象处理器)是世界上第一个由xsl格式化对象(xsl- fo)驱动的打印格式化程序，也是世界上第一个独立于输出的格式化程序。它是一个读取格式化对象(fo)树并将结果页面呈现到指定输出的java应用程序。目前支持的输出格式包括pdf、pcl、ps、svg、xml(区域树表示)、print、awt、mif和txt。主要输出目标是pdf。
C10006,后端开发,S10000224,1.0,forrest,apache forrest软件是一个发布框架，它将来自各种来源的输入转换为一种或多种输出格式的统一表示。apache forrest的模块化和可扩展插件架构基于apache cocoon和将表示与内容分离的相关行业标准。forrest可以生成静态文档，或者用作动态服务器，或者通过其自动化设施进行部署。
C10006,后端开发,S10000225,1.0,fortress,apache fortress是一个基于标准的授权系统，用java编写，它使用ldap后端提供基于角色的访问控制、委托管理和密码策略服务。
C10005,数据库开发,S10000226,1.0,foxpro,
C10006,后端开发,S10000226,1.0,foxpro,
C10016,数字通信,S10000227,1.0,fpga,（field programmable gate array）是在pal （可编程阵列逻辑）、gal（通用阵列逻辑）等可编程器件的基础上进一步发展的产物
C10012,数据分析,S10000228,1.0,fpgrowth,数据挖掘领域关联算法
C10012,数据分析,S10000229,1.0,freeboard,针对iot和其他web混搭的开源实时仪表盘构建;
C10003,前端开发,S10000230,1.0,freemarker,
C10006,后端开发,S10000230,1.0,freemarker,
C10003,前端开发,S10000231,1.0,fusioncharts,
C10014,人工智能,S10000232,1.0,gensim,
C10005,数据库开发,S10000233,1.0,geode,apache geode是一个数据管理平台，它通过广泛分布的云架构提供对数据密集型应用程序的实时、一致的访问。geode跨多个进程池内存、cpu、网络资源以及可选的本地磁盘，以管理应用程序对象和行为。它使用动态复制和数据分区技术来实现高可用性、改进的性能、可伸缩性和容错。除了作为分布式数据容器之外，geode还是一个内存数据管理系统，它提供可靠的异步事件通知和有保证的消息传递。
C10012,数据分析,S10000234,1.0,gephi,屡获殊荣的开源平台，可视化和操纵大型图形和网络连接，有点像photoshop，但是针对于图表，适用于windows和mac os x;
C10006,后端开发,S10000235,1.0,geronimo,apache geronimo是一个开源服务器运行时，它集成了最好的开源项目来创建满足企业开发人员和系统管理员需求的java/osgi服务器运行时。
C10013,大数据,S10000236,1.0,giraph,apache giraph是为高可伸缩性而构建的迭代图形处理系统。例如，facebook目前使用它来分析用户及其联系形成的社交图谱。
C10006,后端开发,S10000237,1.0,glassfish,
C10006,后端开发,S10000238,1.0,go,
C10013,大数据,S10000239,1.0,gobblin,分布式数据集成框架，简化大数据集成的常见方面，如数据摄取、复制、组织和生命周期管理，用于流数据和批数据生态系统
C10013,大数据,S10000240,1.0,google borg,作业调度和监控系统;
C10013,大数据,S10000241,1.0,google caffeine,连续索引系统;
C10012,数据分析,S10000242,1.0,google charts,简单的图表api;
C10013,大数据,S10000243,1.0,google chubby,一种松耦合分布式系统锁服务;
C10013,大数据,S10000244,1.0,google omega,作业调度和监控系统;
C10013,大数据,S10000245,1.0,google percolator,连续索引系统;
C10014,人工智能,S10000246,1.0,google sibyl,google中的大规模机器学习系统;
C10013,大数据,S10000247,1.0,gora,apache gora开源框架为大数据提供了内存中的数据模型和持久性。gora支持持久化到列存储、键值存储、文档存储和rdbms，并使用广泛的apache hadoop mapreduce支持分析数据。
C10016,数字通信,S10000248,1.0,gprs,general packet radio service，中文名称为通用无线分组业务
C10012,数据分析,S10000249,1.0,grafana,石墨仪表板前端、编辑器和图形组合器;
C10006,后端开发,S10000250,1.0,grails,
C10012,数据分析,S10000251,1.0,graphite,可扩展的实时图表;
C10014,人工智能,S10000252,1.0,graphlab create,python的机器学习平台，包括ml工具包、数据工程和部署工具的广泛集合;
C10005,数据库开发,S10000253,1.0,greenplum,
C10006,后端开发,S10000253,1.0,greenplum,
C10013,大数据,S10000254,1.0,griffin,一个大数据的数据质量解决方案，包括流和批处理模式。它提供了从不同角度度量数据质量的统一流程。
C10006,后端开发,S10000255,1.0,groovy,
C10016,数字通信,S10000256,1.0,gsm,全球移动通信系统(global system for mobile communications) 
C10010,IT/运维,S10000257,1.0,guacamole,apache guacamole是一个无客户端远程桌面网关，它支持vnc、rdp和ssh等标准协议。我们称之为“无客户端”，因为不需要插件或客户端软件。一旦在服务器上安装了guacamole，所有你需要访问你的桌面是一个网络浏览器。
C10010,IT/运维,S10000258,1.0,gump,gump为各种开放源码项目提供大规模的持续集成。
C10014,人工智能,S10000259,1.0,h2o,hadoop统计性的机器学习和数学运行时间;
C10005,数据库开发,S10000260,1.0,haboopdb,
C10006,后端开发,S10000260,1.0,haboopdb,
C10013,大数据,S10000261,1.0,hadoop benchmarking,测试hadoop性能的微基准;
C10013,大数据,S10000262,1.0,hama,hama是一个高效、可扩展的通用bsp计算引擎。
C10005,数据库开发,S10000263,1.0,hanoidb,erlang lsm btree存储;
C10006,后端开发,S10000264,1.0,harmony,apache harmony软件是java运行时一个具有类库和相关工具的模块。
C10006,后端开发,S10000265,1.0,haskell,
C10013,大数据,S10000266,1.0,hawq,一个hadoop原生sql查询引擎，它结合了mpp数据库的关键技术优势和hadoop的可伸缩性和便利性
C10013,大数据,S10000267,1.0,hbase coprocessor,为percolator的实现，hbase的一部分;
C10013,大数据,S10000268,1.0,helix,用于分区和复制分布式资源的集群管理框架
C10010,IT/运维,S10000269,1.0,helpdesk,
C10013,大数据,S10000270,1.0,hermes,建于kafka上的异步消息代理;
C10013,大数据,S10000271,1.0,heron,一个实时、分布式、容错的流处理引擎。
C10006,后端开发,S10000272,1.0,hessian,
C10012,数据分析,S10000273,1.0,highcharts,简单而灵活的图表api;
C10013,大数据,S10000274,1.0,hipi library,在hadoop’s mapreduce上执行图像处理任务的api;
C10016,数字通信,S10000275,1.0,hlr,gsm系统的中央数据库，存放着所有归属用户的信息，如用户的有关号码（imsi和msisdn）、用户类别、漫游能力、签约业务和补充业务等。此外，hlr还存储着每个归属用户有关的动态数据信息，如用户当前漫游所在的msc/vlr地址（即位置信息）和分配给用户的补充业务
C10008,测试,S10000276,1.0,holodeck, 强大的故障植入软件测试工具
C10013,大数据,S10000277,1.0,hortonworks hoya,可在yarn上部署hbase集群的应用;
C10003,前端开发,S10000278,1.0,html,
C10007,移动开发,S10000278,0.5 ,html,
C10003,前端开发,S10000279,0.9 ,html5,
C10007,移动开发,S10000279,1.0,html5,
C10006,后端开发,S10000280,1.0,httpclient,
C10013,大数据,S10000281,1.0,hudi,hadoop updates and incrementals(数据湖)
C10013,大数据,S10000282,1.0,hunk,hadoop的splunk分析;
C10007,移动开发,S10000283,1.0,hybirdapp,
C10006,后端开发,S10000284,1.0,ibatis,
C10013,大数据,S10000285,1.0,iceberg,
C10017,IOT,S10000286,1.0,ifttt,ifttt 是一个被称为 “网络自动化神器” 的创新型互联网服务，它的全称是 if this then that，意思是“如果这样，那么就那样”;
C10013,大数据,S10000287,1.0,ignite,apache ignite是一个分布式数据库，用于具有内存速度的高性能计算。
C10013,大数据,S10000288,1.0,ik analyzer,
C10013,大数据,S10000289,1.0,imhotep,大规模分析平台;
C10013,大数据,S10000290,1.0,indexr,
C10012,数据分析,S10000291,1.0,informatica,
C10005,数据库开发,S10000292,1.0,informix,
C10006,后端开发,S10000292,0.4 ,informix,
C10012,数据分析,S10000292,0.6 ,informix,
C10010,IT/运维,S10000293,1.0,infra,
C10013,大数据,S10000294,1.0,intel hibench,hadoop基准测试套件;
C10007,移动开发,S10000295,1.0,ios,
C10017,IOT,S10000296,1.0,iot,
C10013,大数据,S10000297,1.0,iotdb,apache iotdb (database for internet of things)是为时间序列数据设计的集成数据管理引擎;apache iotdb能够满足物联网工业领域对海量数据存储、高速数据摄取和复杂数据分析的需求。
C10001,需求/业务分析,S10000298,1.0,ipo,
C10010,IT/运维,S10000299,1.0,iptables,
C10012,数据分析,S10000300,1.0,ipython,为交互式计算提供丰富的架构;
C10015,MAINFRAME,S10000301,1.0,iseries,使用在大型公司内的小型商业团体和部门。在这条产品线中，比较著名的如as/400系统
C10006,后端开发,S10000302,1.0,isis,apache isis是一个用java快速开发域驱动应用程序的框架。在实体、域服务和存储库中编写业务逻辑，框架动态地(在运行时)生成该域模型的表示形式，作为webapp或restful api。用于原型或生产。
C10000,项目管理,S10000303,1.0,iso,
C10010,IT/运维,S10000304,1.0,it,
C10010,IT/运维,S10000305,1.0,it支持,
C10006,后端开发,S10000306,1.0,ivy,apache ivy是一个面向java依赖管理的非常强大的依赖管理器，尽管它可以用于管理任何类型的依赖。
C10006,后端开发,S10000307,1.0,ivyde,用ivyde插件集成eclipse中的ivy。
C10006,后端开发,S10000308,1.0,jackrabbit,apache jackrabbit是一个完全符合java技术api (jcr)内容存储库的实现
C10012,数据分析,S10000309,1.0,jaspersoft,功能强大的商业智能套件;
C10006,后端开发,S10000310,1.0,java,
C10002,架构与设计,S10000310,1.0,java,
C10007,移动开发,S10000310,0.5 ,java,
C10013,大数据,S10000310,0.5 ,java,
C10008,测试,S10000310,0.1 ,java,
C10003,前端开发,S10000311,1.0,javascript,
C10007,移动开发,S10000311,1.0,javascript,
C10006,后端开发,S10000312,1.0,jboss,
C10006,后端开发,S10000313,1.0,jbossas,
C10006,后端开发,S10000314,1.0,jbosseap,
C10006,后端开发,S10000315,1.0,jdbc,
C10012,数据分析,S10000316,1.0,jedox palo,定制的商业智能平台;
C10008,测试,S10000317,1.0,jest,
C10012,数据分析,S10000318,1.0,jethrodata,交互式大数据分析。
C10014,人工智能,S10000319,1.0,jieba,
C10000,项目管理,S10000320,1.0,jira,
C10008,测试,S10000321,1.0,jmeter,
C10006,后端开发,S10000322,1.0,jms,
C10006,后端开发,S10000323,1.0,jmx,
C10006,后端开发,S10000324,1.0,jpa,
C10003,前端开发,S10000325,1.0,jquery,
C10003,前端开发,S10000326,1.0,jqueryui,
C10003,前端开发,S10000327,1.0,js,
C10006,后端开发,S10000328,1.0,jsp,
C10006,后端开发,S10000329,1.0,julia,
C10006,后端开发,S10000330,1.0,junit,
C10010,IT/运维,S10000331,1.0,k8s,
C10006,后端开发,S10000331,1.0,k8s,
C10001,需求/业务分析,S10000332,1.0,kano,
C10013,大数据,S10000333,1.0,kappa,
C10013,大数据,S10000334,1.0,karaf,在任何osgi框架之上运行的osgi运行时间;
C10014,人工智能,S10000335,1.0,keras,
C10012,数据分析,S10000336,1.0,kettle,
C10012,数据分析,S10000337,1.0,kibana,可视化日志和时间标记数据;
C10010,IT/运维,S10000338,1.0,kibble,apache kibble 是一个活动报告平台，用于收集、汇总、分析和可视化软件项目和社区中的活动
C10013,大数据,S10000339,1.0,kiji,基于hbase，实时采集和分析数据的框架;
C10003,前端开发,S10000340,1.0,knockout.js,
C10011,信息安全,S10000341,1.0,knox,三星的一款基于开源android平台的安全解决方案
C10013,大数据,S10000342,1.0,knox gateway,hadoop集群安全访问的单点;
C10014,人工智能,S10000343,1.0,kornia,
C10006,后端开发,S10000344,1.0,kotlin,
C10013,大数据,S10000345,1.0,kudu,
C10010,IT/运维,S10000346,1.0,kvm,
C10013,大数据,S10000347,1.0,kylin,来自ebay的开源分布式分析工具;
C10013,大数据,S10000348,1.0,lambda,
C10010,IT/运维,S10000349,1.0,ldap,
C10005,数据库开发,S10000350,1.0,leveldb,谷歌写的一个快速键-值存储库，它提供了从字符串键到字符串值的有序映射;
C10006,后端开发,S10000351,1.0,leveldb,谷歌写的一个快速键-值存储库，它提供了从字符串键到字符串值的有序映射;
C10002,架构与设计,S10000352,1.0,libcloud,是apache下整合多种云服务接口的项目
C10013,大数据,S10000353,1.0,lily hbase indexer,快速、轻松地搜索存储在hbase的任何内容;
C10013,大数据,S10000354,1.0,linkedin azkaban,批处理工作流作业调度;
C10013,大数据,S10000355,1.0,linkedin bobo,完全由java编写的分面搜索的实现，为lucene的延伸;
C10013,大数据,S10000356,1.0,linkedin cleo,为一个一个灵活的软件库，使得局部、无序、实时预输入的搜索实现了快速发展;
C10013,大数据,S10000357,1.0,linkedin galene,linkedin搜索架构;
C10013,大数据,S10000358,1.0,linkedin norbert,集群管理器;
C10013,大数据,S10000359,1.0,linkedin zoie,是用java编写的实时搜索/索引系统;
C10006,后端开发,S10000360,1.0,linq,微软的数据库orm框架
C10006,后端开发,S10000361,0.7 ,linux,
C10007,移动开发,S10000361,0.4 ,linux,
C10008,测试,S10000361,0.2 ,linux,
C10010,IT/运维,S10000361,1.0,linux,
C10013,大数据,S10000361,0.6 ,linux,
C10006,后端开发,S10000362,1.0,lisp,
C10006,后端开发,S10000363,1.0,livy,livy is an open source rest interface for interacting with apache spark from anywhere
C10005,数据库开发,S10000364,1.0,lmdb,symas开发的超快、超紧凑的键-值嵌入的式数据存储;
C10006,后端开发,S10000364,1.0,lmdb,symas开发的超快、超紧凑的键-值嵌入的式数据存储;
C10008,测试,S10000365,1.0,load runner,
C10013,大数据,S10000366,1.0,logstash,
C10016,数字通信,S10000367,1.0,lte,lte（long term evolution，长期演进)
C10006,后端开发,S10000368,1.0,lua,
C10013,大数据,S10000369,1.0,lucene,搜索引擎库;
C10013,大数据,S10000370,1.0,lucene.net,
C10006,后端开发,S10000371,1.0,luci, 一种固件脚本语言
C10010,IT/运维,S10000372,1.0,mac,
C10013,大数据,S10000373,1.0,madlib,rdbms的用于数据分析的数据处理库;
C10014,人工智能,S10000374,1.0,mahout,hadoop的机器学习库;
C10013,大数据,S10000374,0.3 ,mahout,hadoop的机器学习库;
C10013,大数据,S10000375,1.0,mapreduce,
C10013,大数据,S10000376,1.0,marathon,用于长期运行服务的mesos框架。
C10005,数据库开发,S10000377,1.0,mariadb,
C10006,后端开发,S10000377,1.0,mariadb,
C10006,后端开发,S10000378,1.0,matlab,
C10012,数据分析,S10000379,1.0,matplotlib,python绘图;
C10014,人工智能,S10000380,1.0,matplotlib,
C10013,大数据,S10000381,1.0,maxcompute,
C10013,大数据,S10000382,1.0,memcachedb,
C10013,大数据,S10000383,1.0,mesos,
C10013,大数据,S10000384,1.0,mesos,集群管理器;
C10006,后端开发,S10000385,1.0,meteor,
C10012,数据分析,S10000386,1.0,metricsgraphic.js,建立在d3之上的库，针对时间序列数据进行最优化;
C10015,MAINFRAME,S10000387,1.0,mf testing,
C10012,数据分析,S10000388,1.0,microsoft,商业智能软件和平台;
C10012,数据分析,S10000389,1.0,microstrategy,商业智能、移动智能和网络应用软件平台;
C10001,需求/业务分析,S10000390,1.0,mind manager,
C10001,需求/业务分析,S10000391,1.0,mindjet,
C10014,人工智能,S10000392,1.0,mindsdb,
C10014,人工智能,S10000393,1.0,mlbase,用于bdas堆栈的分布式机器学习库;
C10014,人工智能,S10000394,1.0,mlpneuralnet,针对ios和mac os x的快速多层感知神经网络库;
C10008,测试,S10000395,1.0,monkey,android平台的自动化测试工具
C10014,人工智能,S10000396,1.0,monkeylearn,使文本挖掘更为容易，从文本中提取分类数据;
C10016,数字通信,S10000397,1.0,mpls,一般指多协议标签交换。 多协议标签交换（multi-protocol label switching，缩写为mpls）是一种在开放的通信网上利用标签引导数据高速、高效传输的新技术
C10005,数据库开发,S10000398,0.7 ,mpp,
C10013,大数据,S10000398,0.5 ,mpp,
C10002,架构与设计,S10000398,1.0,mpp,
C10014,人工智能,S10000399,1.0,mxnet,
C10006,后端开发,S10000400,1.0,mybatis,
C10005,数据库开发,S10000401,1.0,mysql,
C10006,后端开发,S10000401,1.0,mysql,
C10005,数据库开发,S10000402,1.0,mysql cluster,
C10006,后端开发,S10000402,1.0,mysql cluster,
C10005,数据库开发,S10000403,1.0,netezza,
C10012,数据分析,S10000403,0.6 ,netezza,
C10013,大数据,S10000403,0.5 ,netezza,
C10006,后端开发,S10000404,1.0,netty,
C10010,IT/运维,S10000405,1.0,nfs,
C10010,IT/运维,S10000406,1.0,nginx,
C10006,后端开发,S10000407,1.0,nhibernate,
C10014,人工智能,S10000408,1.0,nlp,
C10014,人工智能,S10000409,1.0,nltk,
C10003,前端开发,S10000410,1.0,node.js,
C10014,人工智能,S10000411,0.7 ,numpy,
C10012,数据分析,S10000411,0.8 ,numpy,
C10014,人工智能,S10000412,1.0,nupic,智能计算的numenta平台，它是一个启发大脑的机器智力平台，基于皮质学习算法的精准的生物神经网络;
C10006,后端开发,S10000413,0.7 ,nutch,一个开源java实现的搜索引擎
C10013,大数据,S10000413,0.4 ,nutch,一个开源java实现的搜索引擎
C10016,数字通信,S10000414,1.0,nuttx,一个实时嵌入式操作系统（embedded rtos）
C10012,数据分析,S10000415,1.0,nvd3,d3.js的图表组件;
C10006,后端开发,S10000416,1.0,oauth2,
C10012,数据分析,S10000417,1.0,obiee,
C10006,后端开发,S10000418,1.0,object-c,
C10007,移动开发,S10000418,1.0,object-c,
C10006,后端开发,S10000419,1.0,ocaml,
C10006,后端开发,S10000420,1.0,ofbiz,一个非常著名的电子商务平台，是一个非常著名的开源项目，提供了创建基于最新j2ee/xml规范和技术标准，构建大中型企业级、跨平台、跨数据库、跨应用服务器的多层、分布式电子商务类web应用系统的框架
C10012,数据分析,S10000421,1.0,olap,
C10006,后端开发,S10000422,1.0,olingo,apache�olingo是一个实现开放数据协议（odata）的java库
C10012,数据分析,S10000423,1.0,oltp,
C10006,后端开发,S10000424,0.7 ,ood,
C10002,架构与设计,S10000424,1.0,ood,
C10013,大数据,S10000425,1.0,oodt,用于nasa科学档案中数据的捕获、处理和共享;
C10006,后端开发,S10000426,1.0,oop,面向对象编程
C10013,大数据,S10000427,1.0,oozie,工作流作业调度程序;
C10014,人工智能,S10000428,1.0,opencv,
C10013,大数据,S10000429,1.0,openmpi,消息传递框架;
C10014,人工智能,S10000430,1.0,opennlp,
C10006,后端开发,S10000431,1.0,openwhisk,是一个由 ibm 开源的、事件驱动的无服务器计算平台
C10014,人工智能,S10000432,1.0,optimus,
C10005,数据库开发,S10000433,1.0,oracle,
C10006,后端开发,S10000433,0.5 ,oracle,
C10005,数据库开发,S10000434,1.0,oraclerac,
C10010,IT/运维,S10000434,0.8 ,oraclerac,
C10006,后端开发,S10000434,0.2 ,oraclerac,
C10014,人工智能,S10000435,1.0,orc,
C10006,后端开发,S10000436,1.0,osgi,
C10002,架构与设计,S10000436,1.0,osgi,
C10014,人工智能,S10000437,1.0,paddle,
C10014,人工智能,S10000438,1.0,pandas,
C10013,大数据,S10000439,1.0,parquet,
C10006,后端开发,S10000440,1.0,pascal,
C10014,人工智能,S10000441,1.0,pattern,
C10000,项目管理,S10000442,1.0,pdca,
C10012,数据分析,S10000443,1.0,peity,渐进式svg条形图，折线和饼图;
C10012,数据分析,S10000444,1.0,pentaho,商业智能平台;
C10005,数据库开发,S10000445,1.0,percona server,
C10006,后端开发,S10000445,0.5 ,percona server,
C10006,后端开发,S10000446,1.0,perl,
C10014,人工智能,S10000447,1.0,petri,是一种用于描述离散的、分布式系统的数学建模工具
C10003,前端开发,S10000448,1.0,phantomjs,
C10013,大数据,S10000449,1.0,phoenix,
C10008,测试,S10000450,1.0,phoenix framework,
C10004,UI/UE,S10000451,1.0,photoshop,
C10003,前端开发,S10000452,1.0,php,
C10007,移动开发,S10000452,1.0,php,
C10013,大数据,S10000453,1.0,pig,
C10006,后端开发,S10000454,1.0,pivot,一个开放源代码平台，用于构建可安装的internet应用程序
C10013,大数据,S10000455,1.0,pivotalr,pivotal hd / hawq和postgresql中的r;
C10012,数据分析,S10000456,1.0,pl/sql,
C10008,测试,S10000457,1.0,playwright,
C10016,数字通信,S10000458,1.0,plc4x,a set of libraries for communicating with industrial programmable logic controllers (plcs) 
C10012,数据分析,S10000459,1.0,plot.ly,易于使用的web服务，它允许快速创建从热图到直方图等复杂的图表，使用图表plotly的在线电子表格上传数据进行创建和设计;
C10012,数据分析,S10000460,1.0,plotly.js,支持plotly的开源javascript图形库;
C10000,项目管理,S10000461,1.0,pmi,
C10000,项目管理,S10000462,1.0,pmp,
C10006,后端开发,S10000463,1.0,poi,
C10013,大数据,S10000464,1.0,poseidon,
C10010,IT/运维,S10000465,1.0,postfix,
C10005,数据库开发,S10000466,1.0,postgre,
C10006,后端开发,S10000466,1.0,postgre,
C10005,数据库开发,S10000467,1.0,postgres-xl,
C10006,后端开发,S10000467,1.0,postgres-xl,
C10006,后端开发,S10000468,1.0,powershell,
C10016,数字通信,S10000469,1.0,ppp,点对点协议（point to point protocol，ppp）
C10014,人工智能,S10000470,1.0,predictionio,建于hadoop、mahout和cascading上的机器学习服务器;
C10006,后端开发,S10000471,1.0,prolog,programming in logic
C10005,数据库开发,S10000472,1.0,proxysql,
C10006,后端开发,S10000472,1.0,proxysql,
C10017,IOT,S10000473,1.0,pubnub,数据流网络;
C10013,大数据,S10000474,1.0,pulsar,云原生分布式消息流平台，集消息、存储、轻量化函数式计算为一体
C10013,大数据,S10000475,1.0,puma benchmarking,mapreduce应用的基准测试套件;
C10008,测试,S10000476,1.0,puppeteer,
C10006,后端开发,S10000477,1.0,pure,
C10006,后端开发,S10000478,0.8 ,python,
C10010,IT/运维,S10000478,0.4 ,python,
C10012,数据分析,S10000478,0.7 ,python,
C10013,大数据,S10000478,0.6 ,python,
C10014,人工智能,S10000478,1.0,python,
C10014,人工智能,S10000479,1.0,pytorch,
C10008,测试,S10000480,1.0,qa,
C10008,测试,S10000481,1.0,qarun,
C10012,数据分析,S10000482,1.0,qlik,商业智能和分析平台;
C10012,数据分析,S10000483,1.0,qlikview,
C10006,后端开发,S10000484,0.7 ,qpid,一种消息队列，实现了amqp协议，并且支持多种语言与多种平台
C10013,大数据,S10000484,0.3 ,qpid,一种消息队列，实现了amqp协议，并且支持多种语言与多种平台
C10008,测试,S10000485,1.0,qtp,
C10006,后端开发,S10000486,1.0,quartz,
C10013,大数据,S10000487,1.0,qubole,为自动缩放hadoop集群，内置的数据连接器;
C10013,大数据,S10000488,1.0,quick bi,
C10006,后端开发,S10000489,1.0,r,
C10006,后端开发,S10000490,1.0,rat,(release audit tool)是一个用来检查软件许可证发行的准确性和高效性的工具
C10008,测试,S10000491,1.0,rational robot,
C10003,前端开发,S10000492,1.0,react,
C10007,移动开发,S10000493,1.0,reactnative,
C10005,数据库开发,S10000494,1.0,recdb,
C10006,后端开发,S10000494,1.0,recdb,
C10012,数据分析,S10000495,1.0,recline,简单但功能强大的库，纯粹利用javascript和html构建数据应用;
C10012,数据分析,S10000496,1.0,redash,查询和可视化数据的开源平台;
C10010,IT/运维,S10000497,1.0,redhat,
C10000,项目管理,S10000498,1.0,redmine,
C10003,前端开发,S10000499,1.0,redux,
C10013,大数据,S10000500,1.0,reef,(retainable evaluator execution framework) is a library for developing portable applications for cluster resource managers
C10003,前端开发,S10000501,1.0,requiredjs,
C10006,后端开发,S10000502,1.0,restful api,
C10006,后端开发,S10000503,1.0,revel,
C10006,后端开发,S10000504,1.0,rivet,light weight framework to develop services with standardized interfaces， reusable modules and actions
C10014,人工智能,S10000505,1.0,rnn,
C10008,测试,S10000506,1.0,robotium,
C10005,数据库开发,S10000507,1.0,rocksdb,基于性leveldb，用于快速存储的嵌入式持续性键-值存储。
C10006,后端开发,S10000508,1.0,rocksdb,基于性leveldb，用于快速存储的嵌入式持续性键-值存储。
C10015,MAINFRAME,S10000509,1.0,rpg,
C10016,数字通信,S10000510,1.0,rru,射频拉远单元，remote radio unit
C10006,后端开发,S10000511,1.0,ruby,
C10006,后端开发,S10000512,1.0,rust,
C10012,数据分析,S10000513,1.0,saiku,开源的分析平台;
C10010,IT/运维,S10000514,1.0,saltstack,
C10010,IT/运维,S10000515,1.0,samba,
C10014,人工智能,S10000516,1.0,samoa,分布式流媒体机器学习框架;
C10006,后端开发,S10000517,1.0,samza,
C10006,后端开发,S10000518,1.0,santuario,this  project is aimed at providing implementation of the primary security standards for xml
C10013,大数据,S10000519,1.0,saprk-sql,
C10006,后端开发,S10000520,1.0,sas,
C10006,后端开发,S10000521,1.0,scala,
C10013,大数据,S10000522,1.0,schedoscope,hadoop作业敏捷调度的scala dsl;
C10014,人工智能,S10000523,1.0,scikit-learn,scikit-learn为python中的机器学习;
C10014,人工智能,S10000524,1.0,scipy,
C10010,IT/运维,S10000525,1.0,sdm,(security device manager)是cisco公司提供的全新图形化路由器管理工具
C10000,项目管理,S10000526,1.0,sei/cmm,
C10008,测试,S10000527,1.0,selenium,
C10010,IT/运维,S10000528,1.0,selinux,
C10010,IT/运维,S10000529,1.0,sendgrid,一个电子邮件服务平台，可以帮助市场营销人员跟踪他们的电子邮件统计数据
C10013,大数据,S10000530,1.0,sense,用于数据科学和大数据分析的云平台;
C10013,大数据,S10000531,1.0,sentry,存储在hadoop的数据安全模块。
C10005,数据库开发,S10000532,1.0,sequoiadb,
C10006,后端开发,S10000532,1.0,sequoiadb,
C10013,大数据,S10000533,1.0,serf,服务发现和协调的分散化解决方案;
C10006,后端开发,S10000534,1.0,servicecomb,一种开箱即用的微服务解决方案，无需任何编码即可提供微服务治理能力，
C10006,后端开发,S10000535,1.0,servicemix,一个建立在jbi (jsr 208)语法规则和apis上的开源esb(enterprise service bus:企业服务总线)
C10006,后端开发,S10000536,1.0,servlet,
C10006,后端开发,S10000537,1.0,shale,shale is a modern web application framework， fundamentally based on javaserver faces. 
C10005,数据库开发,S10000538,1.0,shardingsphere,一款分布式的数据库生态系统， 可以将任意数据库转换为分布式数据库，并通过数据分片、弹性伸缩、加密等能力对原有数据库进行增强
C10006,后端开发,S10000539,1.0,shell,
C10006,后端开发,S10000540,1.0,shindig,是apache的一个开源项目，实现了google的opensocial容器开源项目
C10012,数据分析,S10000541,1.0,shiny,针对r的web应用程序框架;
C10006,后端开发,S10000542,1.0,shiro,
C10012,数据分析,S10000543,1.0,sigma.js,javascript库，专门用于图形绘制;
C10008,测试,S10000544,1.0,sikuli,
C10008,测试,S10000545,1.0,silktest,
C10010,IT/运维,S10000546,1.0,skywalking,
C10006,后端开发,S10000547,1.0,slick,
C10013,大数据,S10000548,1.0,slider,一种yarn应用，用来部署yarn中现有的分布式应用程序;
C10014,人工智能,S10000549,1.0,sling,一个自然语言框架语义解析器
C10000,项目管理,S10000550,1.0,smart,
C10013,大数据,S10000551,1.0,snappydata,用于实时运营分析的分布式内存数据存储，提供建立在spark单一集成集群中的数据流分析、oltp(联机事务处理)和olap(联机分析处理);
C10013,大数据,S10000552,1.0,snowplow,企业级网络和事件分析，由hadoop、kinesis、redshift 和postgres提供技术支持;
C10006,后端开发,S10000553,1.0,soa,
C10006,后端开发,S10000554,1.0,socket,
C10010,IT/运维,S10000555,1.0,solaris,
C10006,后端开发,S10000555,0.2 ,solaris,
C10013,大数据,S10000556,1.0,solr,用于lucene的搜索平台;
C10014,人工智能,S10000557,1.0,spacy,
C10012,数据分析,S10000558,1.0,spagobi,开源商业智能平台;
C10013,大数据,S10000559,1.0,spark,
C10014,人工智能,S10000560,1.0,spark mllib,spark中一些常用的机器学习(ml)功能的实现;
C10013,大数据,S10000561,1.0,spark-graphx,
C10013,大数据,S10000562,1.0,spark-mlib,
C10013,大数据,S10000563,1.0,sparkr,spark的r前端;
C10013,大数据,S10000564,1.0,spark-streaming,
C10013,大数据,S10000565,1.0,sparrow,调度平台;
C10013,大数据,S10000566,1.0,sphinx search server,全文搜索引擎
C10013,大数据,S10000567,1.0,splunk,用于机器生成的数据的分析;
C10013,大数据,S10000568,1.0,spotify luigi,一种构建批处理作业的复杂管道的python包，它能够处理依赖性解析、工作流管理、可视化、故障处理、命令行一体化等等问题;
C10006,后端开发,S10000569,1.0,spring,
C10013,大数据,S10000570,1.0,spring xd,数据摄取、实时分析、批量处理和数据导出的分布式、可扩展系统;
C10006,后端开发,S10000571,1.0,springbatch,
C10006,后端开发,S10000572,1.0,springboot,
C10006,后端开发,S10000573,1.0,springcloud,
C10006,后端开发,S10000574,1.0,springmvc,
C10005,数据库开发,S10000575,1.0,sql,
C10006,后端开发,S10000575,0.7 ,sql,
C10007,移动开发,S10000575,0.4 ,sql,
C10008,测试,S10000575,0.2 ,sql,
C10012,数据分析,S10000575,0.9 ,sql,
C10006,后端开发,S10000576,1.0,sqlalchemy,
C10005,数据库开发,S10000577,1.0,sqlite,
C10006,后端开发,S10000577,1.0,sqlite,
C10007,移动开发,S10000577,1.0,sqlite,
C10005,数据库开发,S10000578,1.0,sqlserver,
C10006,后端开发,S10000578,1.0,sqlserver,
C10013,大数据,S10000579,1.0,sqoop,
C10006,后端开发,S10000580,1.0,ssh,
C10012,数据分析,S10000581,1.0,ssis/ssas/ssrs,
C10006,后端开发,S10000582,1.0,ssm,
C10006,后端开发,S10000583,1.0,sso,单点登录
C10005,数据库开发,S10000584,1.0,stado,
C10006,后端开发,S10000584,1.0,stado,
C10014,人工智能,S10000585,1.0,stanbol,一个为语义内容管理设计的模块化的软件堆栈和可重用组件
C10013,大数据,S10000586,1.0,storm,
C10013,大数据,S10000587,1.0,streaming,
C10006,后端开发,S10000588,1.0,streampipes,一种自助式(工业)iot工具箱，使非技术用户可以连接，分析和浏览iot数据流
C10006,后端开发,S10000589,1.0,struts,
C10006,后端开发,S10000590,1.0,struts2,
C10014,人工智能,S10000591,1.0,submarine,
C10013,大数据,S10000592,1.0,sumo logic,基于云的分析仪，用于分析机器生成的数据;
C10013,大数据,S10000593,1.0,superset,
C10012,数据分析,S10000593,1.0,superset,
C10010,IT/运维,S10000594,1.0,suse,
C10006,后端开发,S10000595,1.0,swift,
C10006,后端开发,S10000596,1.0,swing,
C10000,项目管理,S10000597,1.0,swot,
C10005,数据库开发,S10000598,1.0,sybase,
C10006,后端开发,S10000598,1.0,sybase,
C10010,IT/运维,S10000599,1.0,symbian,
C10006,后端开发,S10000600,1.0,synapse,python写的通讯软件
C10012,数据分析,S10000601,1.0,tableau,商业智能平台;
C10013,大数据,S10000602,1.0,talend,用于yarn、hadoop、hbase、hive、hcatalog和pig的统一开源环境;
C10003,前端开发,S10000603,1.0,tapestry,
C10006,后端开发,S10000603,1.0,tapestry,
C10014,人工智能,S10000604,1.0,taskflow,
C10006,后端开发,S10000605,1.0,tc,
C10006,后端开发,S10000606,1.0,tcl,
C10006,后端开发,S10000607,1.0,tcp/ip,
C10000,项目管理,S10000608,1.0,team leader,
C10008,测试,S10000609,1.0,telelogic tau,
C10017,IOT,S10000610,1.0,tempoiq,基于云的传感器分析;
C10014,人工智能,S10000611,1.0,tensorflow,
C10005,数据库开发,S10000612,1.0,teradata,
C10006,后端开发,S10000612,0.3 ,teradata,
C10012,数据分析,S10000612,0.7 ,teradata,
C10013,大数据,S10000613,1.0,teragoogle,大型搜索索引;
C10008,测试,S10000614,1.0,test partner,
C10008,测试,S10000615,1.0,testlink,
C10013,大数据,S10000616,1.0,tez,
C10014,人工智能,S10000617,1.0,theano,
C10017,IOT,S10000618,1.0,thingworx,thingworx 是让企业快速创建和运行互联应用程序平台;
C10013,大数据,S10000619,1.0,thrift,构建二进制协议的框架;
C10012,数据分析,S10000620,1.0,tibico,
C10005,数据库开发,S10000621,1.0,tidb,
C10006,后端开发,S10000621,1.0,tidb,
C10013,大数据,S10000622,1.0,tigon,
C10013,大数据,S10000623,1.0,tika,内容分析工具包;
C10005,数据库开发,S10000624,1.0,tokudb,
C10006,后端开发,S10000624,1.0,tokudb,
C10006,后端开发,S10000625,1.0,tomcat,
C10006,后端开发,S10000626,1.0,tornado,
C10006,后端开发,S10000627,1.0,t-sql,
C10006,后端开发,S10000628,1.0,turbine,基于servlet的框架包
C10013,大数据,S10000629,1.0,twemproxy,memcached和redis的快速、轻型代理;
C10013,大数据,S10000630,1.0,elephant bird,lzo压缩数据的工作库;
C10013,大数据,S10000631,1.0,fatcache,闪存的键/值缓存;
C10013,大数据,S10000632,1.0,finagle,jvm的异步网络堆栈。
C10013,大数据,S10000633,1.0,twemcache,memcache的分支。
C10003,前端开发,S10000634,1.0,typescript,
C10010,IT/运维,S10000635,1.0,ubuntu,
C10016,数字通信,S10000636,1.0,ubus,为openwrt平台开发中的进程间通信提供了一个通用的框架
C10002,架构与设计,S10000637,1.0,ue,
C10017,IOT,S10000638,1.0,uhttpd,物联网设备常见的web服务器
C10001,需求/业务分析,S10000639,1.0,uml,
C10002,架构与设计,S10000639,1.0,uml,
C10006,后端开发,S10000639,0.2 ,uml,
C10007,移动开发,S10000640,1.0,uniapp,
C10010,IT/运维,S10000641,1.0,unix,
C10002,架构与设计,S10000642,1.0,ux,
C10006,后端开发,S10000643,1.0,v,
C10015,MAINFRAME,S10000644,1.0,v+,
C10006,后端开发,S10000645,1.0,vant,
C10006,后端开发,S10000646,1.0,vb,
C10006,后端开发,S10000647,1.0,vb.net,
C10006,后端开发,S10000648,1.0,vba,
C10006,后端开发,S10000649,1.0,vc++,
C10006,后端开发,S10000650,1.0,vcl,
C10010,IT/运维,S10000651,1.0,vdi,
C10012,数据分析,S10000652,1.0,vega,一个可视化语法;
C10006,后端开发,S10000653,1.0,velocity,
C10016,数字通信,S10000654,1.0,verilog, 一种硬件描述语言
C10010,IT/运维,S10000655,1.0,vmsphere,
C10010,IT/运维,S10000656,1.0,vmware,
C10010,IT/运维,S10000657,1.0,vmware esxi,
C10014,人工智能,S10000658,1.0,vowpal wabbit,微软和雅虎发起的学习系统;
C10010,IT/运维,S10000659,1.0,vpn,
C10015,MAINFRAME,S10000660,1.0,vse,
C10010,IT/运维,S10000661,1.0,vsftpd,
C10003,前端开发,S10000662,1.0,vue,
C10010,IT/运维,S10000663,1.0,vxworks,一个实时操作系统
C10001,需求/业务分析,S10000664,1.0,warnier,
C10013,大数据,S10000665,1.0,warp,利用大数据(os x app)的实例查询工具。
C10008,测试,S10000666,1.0,watir,
C10000,项目管理,S10000667,1.0,wbs,
C10016,数字通信,S10000668,1.0,wcdma,指宽带码分多址
C10016,数字通信,S10000669,1.0,wds,(wireless distribution system)，无线分布系统
C10007,移动开发,S10000670,1.0,webapp,
C10010,IT/运维,S10000671,1.0,webex,
C10006,后端开发,S10000672,1.0,weblogic,
C10003,前端开发,S10000673,1.0,webpack,
C10007,移动开发,S10000673,1.0,webpack,
C10005,数据库开发,S10000674,1.0,webscalesql,
C10006,后端开发,S10000674,1.0,webscalesql,
C10006,后端开发,S10000675,1.0,webservice,
C10003,前端开发,S10000676,1.0,websh,
C10006,后端开发,S10000676,1.0,websh,
C10003,前端开发,S10000677,1.0,websocket,
C10006,后端开发,S10000677,1.0,websocket,
C10006,后端开发,S10000678,1.0,websphere,
C10003,前端开发,S10000679,1.0,web前端,
C10003,前端开发,S10000680,1.0,weex,
C10006,后端开发,S10000680,1.0,weex,
C10014,人工智能,S10000681,1.0,weka,机器学习软件套件;
C10013,大数据,S10000682,1.0,whirr,运行云服务的库集;
C10010,IT/运维,S10000683,1.0,windows,
C10008,测试,S10000684,1.0,winrunner,一种企业级的功能测试工具，用于检测应用程序是否能够达到预期的功能及正常运行
C10016,数字通信,S10000685,1.0,wnc,wireless network communications.无线网络通信
C10010,IT/运维,S10000686,1.0,wsus,windows server update services
C10006,后端开发,S10000687,0.5 ,x86,
C10010,IT/运维,S10000687,1.0,x86,
C10014,人工智能,S10000688,1.0,xgboost,
C10006,后端开发,S10000689,1.0,xindice,
C10001,需求/业务分析,S10000690,1.0,xmind,
C10001,需求/业务分析,S10000691,1.0,xure,
C10002,架构与设计,S10000692,1.0,xure,
C10005,数据库开发,S10000693,1.0,everest,
C10006,后端开发,S10000693,1.0,everest,
C10013,大数据,S10000694,1.0,gridmix3,雅虎工程师团队的hadoop集群基准测试。
C10003,前端开发,S10000695,1.0,yui+,
C10013,大数据,S10000696,1.0,yarn,集群管理器;
C10003,前端开发,S10000697,1.0,yoeman.js,
C10010,IT/运维,S10000698,1.0,zabbix,
C10012,数据分析,S10000699,1.0,zeppelin,一个笔记本式的协作数据分析;
C10016,数字通信,S10000700,1.0,zigbee,一种应用于短距离和低速率下的无线通信技术
C10012,数据分析,S10000701,1.0,zing charts,用于大数据的javascript图表库。
C10003,前端开发,S10000701,1.0,zing charts,用于大数据的javascript图表库。
C10013,大数据,S10000702,1.0,zookeeper,服务协调
C10012,数据分析,S10000703,1.0,zoomdata,大数据分析;
C10010,IT/运维,S10000704,1.0,zos,
C10008,测试,S10000705,1.0,安全测试,
C10009,实施,S10000706,1.0,安全实施,
C10009,实施,S10000707,1.0,安装实施,
C10008,测试,S10000708,1.0,白盒测试,
C10006,后端开发,S10000709,1.0,并发,
C10008,测试,S10000710,1.0,测试,
C10008,测试,S10000711,1.0,测试用例,
C10000,项目管理,S10000712,1.0,禅道,
C10002,架构与设计,S10000713,1.0,产品开发,
C10002,架构与设计,S10000714,1.0,产品研发,
C10005,数据库开发,S10000715,1.0,存储过程,
C10013,大数据,S10000716,1.0,大数据,
C10015,MAINFRAME,S10000717,1.0,大型机,
C10006,后端开发,S10000718,1.0,调优,
C10006,后端开发,S10000719,1.0,多进程,
C10006,后端开发,S10000720,1.0,多线程,
C10010,IT/运维,S10000721,1.0,防火墙,
C10006,后端开发,S10000722,1.0,分布式,
C10006,后端开发,S10000723,1.0,分布式数据库,
C10006,后端开发,S10000724,1.0,分布式文件系统,
C10000,项目管理,S10000725,1.0,风险管理,
C10002,架构与设计,S10000726,1.0,概要设计,
C10006,后端开发,S10000727,1.0,高并发,
C10008,测试,S10000728,1.0,功能测试,
C10001,需求/业务分析,S10000729,1.0,规格说明书,
C10006,后端开发,S10000730,1.0,函数式编程,
C10008,测试,S10000731,1.0,黑盒测试,
C10007,移动开发,S10000732,1.0,黑莓,
C10010,IT/运维,S10000732,1.0,黑莓,
C10005,数据库开发,S10000733,1.0,红黑树,
C10007,移动开发,S10000734,1.0,鸿蒙,
C10010,IT/运维,S10000734,1.0,鸿蒙,
C10008,测试,S10000735,1.0,回归测试,
C10006,后端开发,S10000736,1.0,汇编,
C10016,数字通信,S10000736,1.0,汇编,
C10014,人工智能,S10000737,1.0,机器视觉,
C10014,人工智能,S10000738,1.0,机器学习,
C10002,架构与设计,S10000739,1.0,架构,
C10002,架构与设计,S10000740,1.0,架构师,
C10002,架构与设计,S10000741,1.0,建模,
C10006,后端开发,S10000742,1.0,嵌入式,
C10005,数据库开发,S10000743,1.0,嵌入式数据库,
C10006,后端开发,S10000743,1.0,嵌入式数据库,
C10007,移动开发,S10000743,1.0,嵌入式数据库,
C10016,数字通信,S10000743,1.0,嵌入式数据库,
C10001,需求/业务分析,S10000744,1.0,流程图,
C10013,大数据,S10000745,1.0,流式计算,
C10000,项目管理,S10000746,1.0,敏捷,
C10000,项目管理,S10000747,1.0,敏捷开发,
C10008,测试,S10000748,1.0,品质管理/测试,
C10000,项目管理,S10000749,1.0,瀑布,
C10006,后端开发,S10000750,1.0,设计模式,
C10014,人工智能,S10000751,1.0,深度学习,
C10014,人工智能,S10000752,1.0,神经网络,
C10008,测试,S10000753,1.0,渗透测试,
C10009,实施,S10000754,1.0,实施顾问,
C10006,后端开发,S10000755,1.0,实时系统,
C10000,项目管理,S10000756,1.0,时间管理,
C10001,需求/业务分析,S10000757,0.7 ,时序图,
C10002,架构与设计,S10000757,0.3 ,时序图,
C10008,测试,S10000758,1.0,手动测试,
C10014,人工智能,S10000759,1.0,数据标注,
C10005,数据库开发,S10000760,1.0,数据仓库,
C10006,后端开发,S10000760,0.5 ,数据仓库,
C10012,数据分析,S10000761,1.0,数据分析,
C10013,大数据,S10000762,1.0,数据湖,
C10012,数据分析,S10000763,1.0,数据集市,
C10002,架构与设计,S10000764,1.0,数据架构,
C10002,架构与设计,S10000765,1.0,数据建模,
C10005,数据库开发,S10000765,1.0,数据建模,
C10006,后端开发,S10000765,1.0,数据建模,
C10012,数据分析,S10000766,1.0,数据建模,
C10006,后端开发,S10000767,1.0,数据结构,
C10012,数据分析,S10000768,1.0,数据可视化,
C10007,移动开发,S10000769,1.0,数据库,
C10010,IT/运维,S10000770,1.0,数据库管理,
C10002,架构与设计,S10000771,1.0,数据库设计,
C10010,IT/运维,S10000772,1.0,数据库维护,
C10012,数据分析,S10000773,1.0,数据清洗,
C10012,数据分析,S10000774,1.0,数据挖掘,
C10012,数据分析,S10000775,1.0,数据治理,
C10001,需求/业务分析,S10000776,1.0,思维导图,
C10014,人工智能,S10000777,1.0,搜索算法,
C10006,后端开发,S10000778,1.0,算法,
C10013,大数据,S10000778,1.0,算法,
C10014,人工智能,S10000778,1.0,算法,
C10005,数据库开发,S10000779,1.0,索引,
C10012,数据分析,S10000780,1.0,特征工程,
C10012,数据分析,S10000781,1.0,特征提取,
C10014,人工智能,S10000782,1.0,图数据库,
C10014,人工智能,S10000783,1.0,图像处理,
C10014,人工智能,S10000784,1.0,图像识别,
C10014,人工智能,S10000785,1.0,图像算法,
C10014,人工智能,S10000786,1.0,推荐算法,
C10006,后端开发,S10000787,1.0,微服务,
C10006,后端开发,S10000788,1.0,文件系统,
C10001,需求/业务分析,S10000789,1.0,问题识别,
C10002,架构与设计,S10000790,1.0,系统分析,
C10010,IT/运维,S10000791,1.0,系统管理,
C10002,架构与设计,S10000792,1.0,系统设计,
C10006,后端开发,S10000793,1.0,线程池,
C10002,架构与设计,S10000794,1.0,详细设计,
C10003,前端开发,S10000795,1.0,响应式,
C10000,项目管理,S10000796,1.0,项目管理,
C10000,项目管理,S10000797,1.0,项目经理,
C10006,后端开发,S10000798,1.0,消息队列,
C10007,移动开发,S10000799,1.0,小程序,
C10015,MAINFRAME,S10000800,1.0,小型机,
C10008,测试,S10000801,1.0,性能测试,
C10001,需求/业务分析,S10000802,1.0,需求分析,
C10001,需求/业务分析,S10000803,1.0,需求评审,
C10001,需求/业务分析,S10000804,1.0,业务分析,
C10002,架构与设计,S10000805,1.0,业务分析,
C10002,架构与设计,S10000806,1.0,业务设计,
C10006,后端开发,S10000807,1.0,易语言,
C10002,架构与设计,S10000808,1.0,用户体验设计,
C10001,需求/业务分析,S10000809,1.0,用例图,
C10000,项目管理,S10000810,1.0,鱼骨图,
C10014,人工智能,S10000811,1.0,语音识别,
C10001,需求/业务分析,S10000812,1.0,原型,
C10002,架构与设计,S10000813,1.0,原型,
C10006,后端开发,S10000814,1.0,中间件,
C10015,MAINFRAME,S10000815,1.0,中型机,
C10008,测试,S10000816,1.0,自动化测试,
C10014,人工智能,S10000817,1.0,自然语言处理,
C10015,MAINFRAME,S10000818,1.0,cobol,
C10015,MAINFRAME,S10000819,1.0,rs/6000,
C10015,MAINFRAME,S10000820,1.0,mf,
C10015,MAINFRAME,S10000821,1.0,jcl,
C10015,MAINFRAME,S10000822,1.0,vsam,
C10015,MAINFRAME,S10000823,1.0,cics,
C10015,MAINFRAME,S10000824,1.0,tso,
C10015,MAINFRAME,S10000825,1.0,zos,
C10015,MAINFRAME,S10000826,1.0,mainframe,
C10015,MAINFRAME,S10000827,1.0,主机,
C10015,MAINFRAME,S10000828,1.0,as400,
C10004,UI/UE,S10000829,1.0,fireworks,
C10014,人工智能,S10000830,1.0,预训练模型,
